nct_id,diverse
NCT00817414,Non-race specific
NCT00817635,Non-race specific
NCT00818883,Non-race specific
NCT00819403,Non-race specific
NCT00820300,Non-race specific
NCT00820781,Non-race specific
NCT00821002,Non-race specific
NCT00824720,Non-race specific
NCT00824824,Non-race specific
NCT00825188,Non-race specific
NCT00825266,Non-race specific
NCT00825318,Non-race specific
NCT00825396,Non-race specific
NCT00825695,Non-race specific
NCT00827775,Non-race specific
NCT00829296,Non-race specific
NCT00832507,Non-race specific
NCT00832832,Non-race specific
NCT00834041,Non-race specific
NCT00834600,Non-race specific
NCT00835224,Non-race specific
NCT00838721,Non-race specific
NCT00840463,Non-race specific
NCT00845299,Non-race specific
NCT00846300,Non-race specific
NCT00846365,Non-race specific
NCT00846638,Non-race specific
NCT00846872,Non-race specific
NCT00846989,Non-race specific
NCT00847483,Non-race specific
NCT00847626,Non-race specific
NCT00847899,Non-race specific
NCT00848731,Non-race specific
NCT00849810,Non-race specific
NCT00851929,Non-race specific
NCT00852787,Non-race specific
NCT00853073,Non-race specific
NCT00853112,Non-race specific
NCT00853619,Non-race specific
NCT00853905,Non-race specific
NCT00853957,African American
NCT00855465,Non-race specific
NCT00860262,Non-race specific
NCT00863681,Non-race specific
NCT00865683,Non-race specific
NCT00868894,Non-race specific
NCT00869141,Non-race specific
NCT00872170,Non-race specific
NCT00872599,Non-race specific
NCT00873613,Non-race specific
NCT00874393,Non-race specific
NCT00875225,African American
NCT00877929,Non-race specific
NCT00878878,Non-race specific
NCT00879177,Non-race specific
NCT00879229,Non-race specific
NCT00887510,Non-race specific
NCT00887978,Non-race specific
NCT00896389,Non-race specific
NCT00899977,Non-race specific
NCT00902174,Non-race specific
NCT00902200,Non-race specific
NCT00902304,Non-race specific
NCT00903071,Non-race specific
NCT00904007,Non-race specific
NCT00905411,Asian
NCT00906087,Non-race specific
NCT00910429,Non-race specific
NCT00913991,Non-race specific
NCT00920985,Non-race specific
NCT00924456,Non-race specific
NCT00926289,Non-race specific
NCT00927394,Non-race specific
NCT00931710,Non-race specific
NCT00932139,Non-race specific
NCT00934089,Non-race specific
NCT00935077,Non-race specific
NCT00935441,Non-race specific
NCT00935766,Non-race specific
NCT00939640,Non-race specific
NCT00940823,Non-race specific
NCT00940966,Non-race specific
NCT00942708,Non-race specific
NCT00942994,Non-race specific
NCT00945958,Non-race specific
NCT00947661,Non-race specific
NCT00948714,African American
NCT00949585,Non-race specific
NCT00949884,Non-race specific
NCT00952081,Non-race specific
NCT00952627,Non-race specific
NCT00953472,Non-race specific
NCT00953797,Non-race specific
NCT00955396,Non-race specific
NCT00955903,Non-race specific
NCT00962884,Non-race specific
NCT00963001,Non-race specific
NCT00963027,Non-race specific
NCT00964483,African American
NCT00964678,Non-race specific
NCT00964847,Non-race specific
NCT00967694,Non-race specific
NCT00967811,Non-race specific
NCT00973180,Non-race specific
NCT00973531,Non-race specific
NCT00974259,Non-race specific
NCT00974922,Non-race specific
NCT00976495,Non-race specific
NCT00978822,Non-race specific
NCT00978835,Non-race specific
NCT00979225,Non-race specific
NCT00979732,Non-race specific
NCT00980031,Non-race specific
NCT00980785,Non-race specific
NCT00981435,Non-race specific
NCT00984308,Non-race specific
NCT00987025,Non-race specific
NCT00989963,Non-race specific
NCT00990314,Non-race specific
NCT00992056,Hispanic
NCT00994253,Non-race specific
NCT00995072,Non-race specific
NCT00999102,Non-race specific
NCT00999752,African American
NCT01001195,Non-race specific
NCT01003639,Non-race specific
NCT01005290,Non-race specific
NCT01007994,Non-race specific
NCT01008176,Non-race specific
NCT01009944,Non-race specific
NCT01012687,Non-race specific
NCT01013155,Non-race specific
NCT01013363,Non-race specific
NCT01013857,Non-race specific
NCT01015313,Non-race specific
NCT01016691,Non-race specific
NCT01020435,Non-race specific
NCT01020851,Non-race specific
NCT01024933,Non-race specific
NCT01025323,Hispanic
NCT01026103,Non-race specific
NCT01027949,Non-race specific
NCT01029691,Non-race specific
NCT01030874,Non-race specific
NCT01031680,Non-race specific
NCT01033071,Non-race specific
NCT01033370,Non-race specific
NCT01035554,Non-race specific
NCT01036802,Non-race specific
NCT01037036,Non-race specific
NCT01037920,Non-race specific
NCT01038921,Non-race specific
NCT01039324,Non-race specific
NCT01041287,Non-race specific
NCT01042158,Non-race specific
NCT01042574,Non-race specific
NCT01044693,Non-race specific
NCT01047735,Non-race specific
NCT01048905,Non-race specific
NCT01049009,African American
NCT01051947,Non-race specific
NCT01051960,Non-race specific
NCT01052220,Non-race specific
NCT01052558,Non-race specific
NCT01054066,Non-race specific
NCT01056718,Non-race specific
NCT01057251,Non-race specific
NCT01060020,Non-race specific
NCT01060579,Non-race specific
NCT01063283,Non-race specific
NCT01065051,Non-race specific
NCT01065350,Non-race specific
NCT01065454,Non-race specific
NCT01065831,African American
NCT01068418,Non-race specific
NCT01070056,African American
NCT01071967,Non-race specific
NCT01072643,Non-race specific
NCT01074918,Non-race specific
NCT01076140,Non-race specific
NCT01077297,Non-race specific
NCT01078376,Non-race specific
NCT01083940,Non-race specific
NCT01086540,Non-race specific
NCT01088997,Non-race specific
NCT01089062,Non-race specific
NCT01092078,African American
NCT01092559,Non-race specific
NCT01093703,Non-race specific
NCT01094067,Non-race specific
NCT01095822,Non-race specific
NCT01099007,Non-race specific
NCT01099774,Non-race specific
NCT01102465,Non-race specific
NCT01102478,Non-race specific
NCT01104870,Non-race specific
NCT01105065,Non-race specific
NCT01105091,Non-race specific
NCT01105104,Non-race specific
NCT01105117,Non-race specific
NCT01105923,Non-race specific
NCT01106014,Non-race specific
NCT01106170,Non-race specific
NCT01108744,Non-race specific
NCT01109602,Non-race specific
NCT01110499,Non-race specific
NCT01111682,Non-race specific
NCT01112306,Non-race specific
NCT01114360,African American
NCT01114373,African American
NCT01114893,Non-race specific
NCT01117025,Non-race specific
NCT01117987,Non-race specific
NCT01119183,Non-race specific
NCT01119417,Non-race specific
NCT01120613,Non-race specific
NCT01121458,Non-race specific
NCT01122394,Non-race specific
NCT01122407,African American
NCT01123577,Non-race specific
NCT01123785,Non-race specific
NCT01129050,Non-race specific
NCT01131845,Non-race specific
NCT01134887,Non-race specific
NCT01137474,Non-race specific
NCT01142908,Non-race specific
NCT01144494,Non-race specific
NCT01145391,Non-race specific
NCT01145742,Non-race specific
NCT01148836,Non-race specific
NCT01149421,Non-race specific
NCT01150357,Non-race specific
NCT01151410,Non-race specific
NCT01152580,Non-race specific
NCT01152957,Hispanic
NCT01153386,Non-race specific
NCT01155011,Non-race specific
NCT01155050,Non-race specific
NCT01156974,Non-race specific
NCT01157234,Non-race specific
NCT01157364,Non-race specific
NCT01159314,Non-race specific
NCT01161706,Non-race specific
NCT01162759,Non-race specific
NCT01165047,Non-race specific
NCT01165476,Non-race specific
NCT01167920,Non-race specific
NCT01168947,Non-race specific
NCT01170884,Non-race specific
NCT01172496,Non-race specific
NCT01174173,Non-race specific
NCT01176565,Non-race specific
NCT01177098,Non-race specific
NCT01178073,Non-race specific
NCT01179334,Non-race specific
NCT01179737,Non-race specific
NCT01180062,Non-race specific
NCT01180673,Non-race specific
NCT01184755,Non-race specific
NCT01185041,Non-race specific
NCT01185067,Non-race specific
NCT01190319,Non-race specific
NCT01192412,Non-race specific
NCT01195662,Non-race specific
NCT01196533,Non-race specific
NCT01200043,Non-race specific
NCT01200849,Non-race specific
NCT01202110,Non-race specific
NCT01202175,Non-race specific
NCT01203852,Non-race specific
NCT01205594,Non-race specific
NCT01206062,Non-race specific
NCT01206439,Non-race specific
NCT01212861,Non-race specific
NCT01212874,Non-race specific
NCT01215019,Non-race specific
NCT01215786,Non-race specific
NCT01216852,Non-race specific
NCT01216878,Non-race specific
NCT01218100,Non-race specific
NCT01220336,Non-race specific
NCT01223352,Non-race specific
NCT01223378,Non-race specific
NCT01224210,Non-race specific
NCT01228032,Non-race specific
NCT01230255,Non-race specific
NCT01234922,Non-race specific
NCT01235377,Non-race specific
NCT01235702,African American
NCT01235910,Non-race specific
NCT01236339,Non-race specific
NCT01240512,Non-race specific
NCT01241942,Non-race specific
NCT01242462,Non-race specific
NCT01244152,African American
NCT01247090,Non-race specific
NCT01248234,Non-race specific
NCT01252303,Non-race specific
NCT01253902,Non-race specific
NCT01254370,Non-race specific
NCT01257347,Non-race specific
NCT01258764,Non-race specific
NCT01260272,Non-race specific
NCT01260454,Non-race specific
NCT01261884,Non-race specific
NCT01263197,Non-race specific
NCT01263223,Non-race specific
NCT01263743,Non-race specific
NCT01265888,Non-race specific
NCT01267227,Non-race specific
NCT01268553,Non-race specific
NCT01270061,African American
NCT01271374,African American
NCT01271686,Non-race specific
NCT01272388,Non-race specific
NCT01274481,Non-race specific
NCT01275339,Non-race specific
NCT01275352,Non-race specific
NCT01276197,Non-race specific
NCT01279083,Non-race specific
NCT01280903,Non-race specific
NCT01280994,Non-race specific
NCT01281306,Non-race specific
NCT01282346,Non-race specific
NCT01282957,Non-race specific
NCT01285908,Non-race specific
NCT01286311,Non-race specific
NCT01287026,Non-race specific
NCT01291108,Non-race specific
NCT01292694,Non-race specific
NCT01296594,Non-race specific
NCT01300338,Non-race specific
NCT01301378,Non-race specific
NCT01302249,Non-race specific
NCT01302444,Non-race specific
NCT01303783,Non-race specific
NCT01303939,Non-race specific
NCT01305252,Non-race specific
NCT01306292,Non-race specific
NCT01307280,Non-race specific
NCT01310153,Non-race specific
NCT01315574,Non-race specific
NCT01317329,Non-race specific
NCT01317537,Non-race specific
NCT01318278,Non-race specific
NCT01319045,Non-race specific
NCT01319617,Non-race specific
NCT01320722,Non-race specific
NCT01321073,Non-race specific
NCT01324245,Non-race specific
NCT01324388,Non-race specific
NCT01324999,Non-race specific
NCT01325870,Non-race specific
NCT01328769,Non-race specific
NCT01330108,Non-race specific
NCT01330979,Non-race specific
NCT01331486,Non-race specific
NCT01332331,Non-race specific
NCT01336569,Non-race specific
NCT01338415,Non-race specific
NCT01338636,Non-race specific
NCT01339390,Non-race specific
NCT01341145,Non-race specific
NCT01342952,Non-race specific
NCT01345448,Non-race specific
NCT01348880,Non-race specific
NCT01349114,Non-race specific
NCT01351753,Non-race specific
NCT01352390,Non-race specific
NCT01354613,Non-race specific
NCT01360476,African American
NCT01363141,Non-race specific
NCT01364207,Non-race specific
NCT01368536,Non-race specific
NCT01370005,Non-race specific
NCT01370512,Non-race specific
NCT01371370,Non-race specific
NCT01373086,Non-race specific
NCT01378780,Non-race specific
NCT01387945,Non-race specific
NCT01389037,African American
NCT01389856,Non-race specific
NCT01390272,Non-race specific
NCT01390779,Non-race specific
NCT01392469,Non-race specific
NCT01392495,Non-race specific
NCT01395277,Non-race specific
NCT01395329,Non-race specific
NCT01398423,Non-race specific
NCT01399138,Non-race specific
NCT01399489,Non-race specific
NCT01400256,Non-race specific
NCT01401621,Non-race specific
NCT01402453,Non-race specific
NCT01403922,Non-race specific
NCT01404897,Non-race specific
NCT01404910,Non-race specific
NCT01405638,African American
NCT01407809,Non-race specific
NCT01408472,Non-race specific
NCT01409031,Non-race specific
NCT01409122,Non-race specific
NCT01409421,Non-race specific
NCT01410188,Non-race specific
NCT01413542,Non-race specific
NCT01415505,Non-race specific
NCT01415531,Non-race specific
NCT01416415,Non-race specific
NCT01416766,Non-race specific
NCT01417104,Non-race specific
NCT01418261,Non-race specific
NCT01421771,Non-race specific
NCT01425515,Non-race specific
NCT01426113,Non-race specific
NCT01426464,Non-race specific
NCT01426529,Non-race specific
NCT01428791,Non-race specific
NCT01431313,Non-race specific
NCT01432106,African American
NCT01434953,Non-race specific
NCT01437878,Non-race specific
NCT01439256,Non-race specific
NCT01440751,Non-race specific
NCT01441531,Non-race specific
NCT01441570,Non-race specific
NCT01446003,Non-race specific
NCT01446588,Non-race specific
NCT01446848,Non-race specific
NCT01452841,Non-race specific
NCT01457781,Non-race specific
NCT01458483,Non-race specific
NCT01461278,Non-race specific
NCT01461291,Non-race specific
NCT01461343,Non-race specific
NCT01462565,Non-race specific
NCT01462591,Non-race specific
NCT01463085,Non-race specific
NCT01465217,African American
NCT01467076,Non-race specific
NCT01468571,Non-race specific
NCT01472692,Non-race specific
NCT01472796,African American
NCT01474135,Non-race specific
NCT01476644,Non-race specific
NCT01477333,Non-race specific
NCT01479010,Non-race specific
NCT01480531,Non-race specific
NCT01481051,Non-race specific
NCT01481077,Non-race specific
NCT01482247,Non-race specific
NCT01482325,Non-race specific
NCT01484431,Non-race specific
NCT01484951,Non-race specific
NCT01485120,Non-race specific
NCT01491919,Non-race specific
NCT01493271,Non-race specific
NCT01495312,Non-race specific
NCT01496430,Non-race specific
NCT01496469,Non-race specific
NCT01499134,Non-race specific
NCT01501929,Non-race specific
NCT01502787,Non-race specific
NCT01507584,Non-race specific
NCT01508026,Non-race specific
NCT01508637,Non-race specific
NCT01508780,Non-race specific
NCT01514279,Non-race specific
NCT01514357,Non-race specific
NCT01519297,Non-race specific
NCT01519583,Non-race specific
NCT01520116,Non-race specific
NCT01522950,Non-race specific
NCT01523067,Non-race specific
NCT01523548,Non-race specific
NCT01525173,Non-race specific
NCT01528111,Non-race specific
NCT01528293,Non-race specific
NCT01528787,Non-race specific
NCT01529502,Non-race specific
NCT01530464,Non-race specific
NCT01539239,Non-race specific
NCT01539473,Non-race specific
NCT01542359,Non-race specific
NCT01545336,Non-race specific
NCT01545596,Non-race specific
NCT01546285,Non-race specific
NCT01547390,Non-race specific
NCT01550432,Non-race specific
NCT01551550,Non-race specific
NCT01556997,Non-race specific
NCT01557582,Non-race specific
NCT01560624,Non-race specific
NCT01560637,Non-race specific
NCT01560975,Non-race specific
NCT01563978,Non-race specific
NCT01564719,Non-race specific
NCT01566084,Non-race specific
NCT01566630,Non-race specific
NCT01566864,Non-race specific
NCT01570686,Non-race specific
NCT01577030,Non-race specific
NCT01577459,Non-race specific
NCT01578577,Non-race specific
NCT01579136,Non-race specific
NCT01586156,Non-race specific
NCT01586897,Non-race specific
NCT01587183,Non-race specific
NCT01588405,Non-race specific
NCT01595516,Non-race specific
NCT01597843,Non-race specific
NCT01602367,Non-race specific
NCT01603329,Non-race specific
NCT01605370,Non-race specific
NCT01606774,Non-race specific
NCT01606930,Non-race specific
NCT01615484,Non-race specific
NCT01616433,Non-race specific
NCT01628198,Non-race specific
NCT01633814,Non-race specific
NCT01635998,Non-race specific
NCT01637623,Non-race specific
NCT01640704,Non-race specific
NCT01640756,Non-race specific
NCT01642355,Non-race specific
NCT01643473,Non-race specific
NCT01644656,Non-race specific
NCT01645826,Non-race specific
NCT01646463,Non-race specific
NCT01647438,Asian
NCT01647945,Non-race specific
NCT01650402,Non-race specific
NCT01651065,Non-race specific
NCT01653197,Non-race specific
NCT01653678,Non-race specific
NCT01654484,Non-race specific
NCT01654835,Non-race specific
NCT01655654,Non-race specific
NCT01658657,Non-race specific
NCT01668524,Non-race specific
NCT01670136,Non-race specific
NCT01670266,Non-race specific
NCT01672840,Non-race specific
NCT01673373,Non-race specific
NCT01676103,Non-race specific
NCT01677507,Non-race specific
NCT01677533,Non-race specific
NCT01677936,Non-race specific
NCT01678183,Non-race specific
NCT01679132,Non-race specific
NCT01681576,Asian
NCT01681810,Non-race specific
NCT01681862,African American
NCT01682356,Non-race specific
NCT01682837,Non-race specific
NCT01686282,Non-race specific
NCT01687257,Non-race specific
NCT01687426,Non-race specific
NCT01689844,African American
NCT01692301,Non-race specific
NCT01692860,Non-race specific
NCT01693315,Non-race specific
NCT01696097,Non-race specific
NCT01701622,Non-race specific
NCT01702688,Non-race specific
NCT01702883,Non-race specific
NCT01707381,Non-race specific
NCT01711879,Non-race specific
NCT01712100,Non-race specific
NCT01712113,Non-race specific
NCT01712126,Non-race specific
NCT01712139,Non-race specific
NCT01712620,Non-race specific
NCT01714609,Non-race specific
NCT01717209,Non-race specific
NCT01717586,Non-race specific
NCT01719185,Non-race specific
NCT01720524,Non-race specific
NCT01722266,Non-race specific
NCT01722604,Non-race specific
NCT01725256,Non-race specific
NCT01725269,Non-race specific
NCT01725815,Non-race specific
NCT01725945,Non-race specific
NCT01728220,Non-race specific
NCT01731002,Non-race specific
NCT01739400,Non-race specific
NCT01740076,Non-race specific
NCT01741766,Non-race specific
NCT01741779,Non-race specific
NCT01743001,Non-race specific
NCT01744392,Non-race specific
NCT01748123,Non-race specific
NCT01749904,Non-race specific
NCT01749930,Non-race specific
NCT01750294,Non-race specific
NCT01755312,Non-race specific
NCT01755442,Non-race specific
NCT01755858,Non-race specific
NCT01757808,Non-race specific
NCT01758744,Non-race specific
NCT01760239,Non-race specific
NCT01761877,Non-race specific
NCT01763541,Non-race specific
NCT01766882,Non-race specific
NCT01770756,Non-race specific
NCT01773486,Non-race specific
NCT01774591,Non-race specific
NCT01780974,Non-race specific
NCT01788358,Non-race specific
NCT01789736,Non-race specific
NCT01789996,Non-race specific
NCT01794455,Non-race specific
NCT01800292,Non-race specific
NCT01803711,Non-race specific
NCT01804777,Non-race specific
NCT01806324,Non-race specific
NCT01811693,Non-race specific
NCT01822860,Non-race specific
NCT01824290,Non-race specific
NCT01826435,Non-race specific
NCT01828255,Non-race specific
NCT01829256,Non-race specific
NCT01830140,Non-race specific
NCT01831895,Non-race specific
NCT01833455,Non-race specific
NCT01835249,Non-race specific
NCT01837069,Non-race specific
NCT01839110,Non-race specific
NCT01840540,Non-race specific
NCT01841450,Non-race specific
NCT01841762,Non-race specific
NCT01841840,Non-race specific
NCT01842113,Non-race specific
NCT01842399,Non-race specific
NCT01847014,Non-race specific
NCT01859273,Non-race specific
NCT01862536,Non-race specific
NCT01863381,Non-race specific
NCT01863953,Non-race specific
NCT01864642,Non-race specific
NCT01868126,Non-race specific
NCT01873352,Non-race specific
NCT01873885,Non-race specific
NCT01874834,Non-race specific
NCT01875094,Non-race specific
NCT01875328,Non-race specific
NCT01876368,Non-race specific
NCT01879800,Non-race specific
NCT01880866,Non-race specific
NCT01881295,Non-race specific
NCT01881425,Non-race specific
NCT01883856,Non-race specific
NCT01884246,Non-race specific
NCT01884675,Non-race specific
NCT01885559,Non-race specific
NCT01889368,Non-race specific
NCT01890226,Non-race specific
NCT01891500,Non-race specific
NCT01892592,African American
NCT01893593,Non-race specific
NCT01894022,Non-race specific
NCT01895972,Non-race specific
NCT01895998,Non-race specific
NCT01896180,Non-race specific
NCT01897545,Non-race specific
NCT01897727,Non-race specific
NCT01899495,Non-race specific
NCT01900470,Non-race specific
NCT01902719,African American
NCT01903187,Non-race specific
NCT01908699,Non-race specific
NCT01910389,Non-race specific
NCT01910532,Non-race specific
NCT01910857,African American
NCT01912599,Non-race specific
NCT01915706,Non-race specific
NCT01915940,Non-race specific
NCT01917136,Non-race specific
NCT01917383,Non-race specific
NCT01918891,Non-race specific
NCT01920451,Non-race specific
NCT01924312,Non-race specific
NCT01925391,Non-race specific
NCT01927406,Non-race specific
NCT01928966,Non-race specific
NCT01930487,Non-race specific
NCT01932606,Non-race specific
NCT01934582,Non-race specific
NCT01934608,Non-race specific
NCT01936389,Non-race specific
NCT01937754,Non-race specific
NCT01938547,Non-race specific
NCT01938963,Non-race specific
NCT01939496,Non-race specific
NCT01939990,Non-race specific
NCT01942395,Non-race specific
NCT01947673,Non-race specific
NCT01948518,Non-race specific
NCT01951950,Non-race specific
NCT01952119,Non-race specific
NCT01952743,Non-race specific
NCT01952925,Non-race specific
NCT01956942,Non-race specific
NCT01956994,Non-race specific
NCT01959997,Non-race specific
NCT01960153,Non-race specific
NCT01960335,Non-race specific
NCT01960465,Non-race specific
NCT01960946,Non-race specific
NCT01961323,Non-race specific
NCT01961453,Non-race specific
NCT01965106,Non-race specific
NCT01965847,Non-race specific
NCT01966302,Non-race specific
NCT01968785,Non-race specific
NCT01968876,Non-race specific
NCT01972139,Non-race specific
NCT01973556,Non-race specific
NCT01974570,Non-race specific
NCT01975428,Non-race specific
NCT01977495,Non-race specific
NCT01977859,Non-race specific
NCT01980979,Non-race specific
NCT01983462,Non-race specific
NCT01983813,Non-race specific
NCT01984164,Non-race specific
NCT01994408,Non-race specific
NCT01995812,Non-race specific
NCT01996449,Non-race specific
NCT02001051,Non-race specific
NCT02003469,Non-race specific
NCT02006849,Non-race specific
NCT02007629,Non-race specific
NCT02008097,Non-race specific
NCT02011685,Non-race specific
NCT02014142,Non-race specific
NCT02014597,Non-race specific
NCT02016898,Non-race specific
NCT02018809,Non-race specific
NCT02023242,Non-race specific
NCT02024386,Non-race specific
NCT02024399,Non-race specific
NCT02024464,Non-race specific
NCT02025426,Non-race specific
NCT02027272,Non-race specific
NCT02029989,Non-race specific
NCT02030314,Non-race specific
NCT02030886,Non-race specific
NCT02031380,Non-race specific
NCT02034422,Non-race specific
NCT02035566,Non-race specific
NCT02036307,Non-race specific
NCT02036541,Non-race specific
NCT02036970,Non-race specific
NCT02038179,Non-race specific
NCT02044471,Non-race specific
NCT02046395,Non-race specific
NCT02046473,Non-race specific
NCT02047656,Non-race specific
NCT02051946,Non-race specific
NCT02053246,Non-race specific
NCT02053571,Non-race specific
NCT02056626,Non-race specific
NCT02057575,Non-race specific
NCT02059135,Non-race specific
NCT02059278,Non-race specific
NCT02059408,Non-race specific
NCT02059811,Non-race specific
NCT02059928,Non-race specific
NCT02060487,Non-race specific
NCT02060981,Non-race specific
NCT02063165,Non-race specific
NCT02064764,Non-race specific
NCT02066649,Non-race specific
NCT02067013,Non-race specific
NCT02068872,Non-race specific
NCT02069015,Non-race specific
NCT02070991,Non-race specific
NCT02077218,Non-race specific
NCT02080533,Non-race specific
NCT02083289,Non-race specific
NCT02087293,Non-race specific
NCT02089217,Non-race specific
NCT02090777,Non-race specific
NCT02091362,Non-race specific
NCT02097719,Non-race specific
NCT02099513,Non-race specific
NCT02099578,Non-race specific
NCT02100462,Non-race specific
NCT02102243,Non-race specific
NCT02102750,Non-race specific
NCT02104375,Non-race specific
NCT02108743,Non-race specific
NCT02110381,Non-race specific
NCT02111980,Non-race specific
NCT02112825,Non-race specific
NCT02116335,Non-race specific
NCT02119429,Non-race specific
NCT02120339,Non-race specific
NCT02121041,Non-race specific
NCT02125331,Non-race specific
NCT02129673,Non-race specific
NCT02130687,Non-race specific
NCT02133352,Non-race specific
NCT02133872,Non-race specific
NCT02133885,Non-race specific
NCT02136758,Non-race specific
NCT02136940,Non-race specific
NCT02137408,Non-race specific
NCT02138825,Non-race specific
NCT02139787,Non-race specific
NCT02142881,Non-race specific
NCT02143778,Non-race specific
NCT02143817,Non-race specific
NCT02143843,Non-race specific
NCT02147626,Non-race specific
NCT02148458,Non-race specific
NCT02148523,Non-race specific
NCT02152774,Non-race specific
NCT02154100,Non-race specific
NCT02154412,Non-race specific
NCT02157025,Non-race specific
NCT02167035,Non-race specific
NCT02167464,Non-race specific
NCT02168309,Non-race specific
NCT02169752,Non-race specific
NCT02173223,Non-race specific
NCT02174991,Non-race specific
NCT02178098,Non-race specific
NCT02179008,Non-race specific
NCT02180841,Non-race specific
NCT02181062,Non-race specific
NCT02182830,African American
NCT02185417,Non-race specific
NCT02191137,Non-race specific
NCT02194465,Non-race specific
NCT02198144,African American
NCT02207491,Non-race specific
NCT02207621,Non-race specific
NCT02208674,Non-race specific
NCT02210767,Non-race specific
NCT02213094,Non-race specific
NCT02213575,Non-race specific
NCT02214459,Non-race specific
NCT02215408,Non-race specific
NCT02217683,Non-race specific
NCT02220634,Non-race specific
NCT02221830,Non-race specific
NCT02224365,Non-race specific
NCT02230683,Non-race specific
NCT02230891,Non-race specific
NCT02232126,Non-race specific
NCT02232165,Non-race specific
NCT02232880,Non-race specific
NCT02233088,Non-race specific
NCT02234063,African American
NCT02234141,Non-race specific
NCT02235454,Non-race specific
NCT02235896,African American
NCT02235909,Non-race specific
NCT02236520,African American
NCT02245230,Non-race specific
NCT02246764,Non-race specific
NCT02247804,Non-race specific
NCT02250612,Non-race specific
NCT02250651,Non-race specific
NCT02251834,Hispanic
NCT02253394,Non-race specific
NCT02259049,Non-race specific
NCT02259634,Non-race specific
NCT02261883,Non-race specific
NCT02266394,Non-race specific
NCT02267577,Non-race specific
NCT02276872,Non-race specific
NCT02278471,Non-race specific
NCT02279160,Non-race specific
NCT02279745,Non-race specific
NCT02285634,Non-race specific
NCT02293096,Non-race specific
NCT02299193,Non-race specific
NCT02299388,Non-race specific
NCT02299414,Non-race specific
NCT02300818,Non-race specific
NCT02301455,Non-race specific
NCT02302612,Non-race specific
NCT02304705,Non-race specific
NCT02305550,Non-race specific
NCT02306122,Non-race specific
NCT02307565,Non-race specific
NCT02310672,Non-race specific
NCT02312544,Non-race specific
NCT02319174,Non-race specific
NCT02321618,African American
NCT02327312,Non-race specific
NCT02342808,Non-race specific
NCT02347670,Non-race specific
NCT02353806,Non-race specific
NCT02357004,Non-race specific
NCT02357017,Non-race specific
NCT02358369,Non-race specific
NCT02360787,Non-race specific
NCT02362737,African American
NCT02366065,Non-race specific
NCT02371018,Non-race specific
NCT02371317,Non-race specific
NCT02371746,Non-race specific
NCT02372955,Non-race specific
NCT02373241,Non-race specific
NCT02375009,Non-race specific
NCT02375737,Non-race specific
NCT02382016,Non-race specific
NCT02386293,African American
NCT02386540,Non-race specific
NCT02390245,Non-race specific
NCT02390284,Non-race specific
NCT02392351,Non-race specific
NCT02396823,Non-race specific
NCT02397902,Non-race specific
NCT02401776,Non-race specific
NCT02404597,Non-race specific
NCT02406586,Non-race specific
NCT02411006,Non-race specific
NCT02411032,Non-race specific
NCT02412696,Non-race specific
NCT02412761,Non-race specific
NCT02417246,Non-race specific
NCT02417415,Non-race specific
NCT02418091,Non-race specific
NCT02418637,Non-race specific
NCT02419508,Non-race specific
NCT02424695,Non-race specific
NCT02425566,Non-race specific
NCT02427594,Non-race specific
NCT02431936,African American
NCT02432339,Non-race specific
NCT02436512,Non-race specific
NCT02439749,Non-race specific
NCT02439775,Non-race specific
NCT02444689,Non-race specific
NCT02444767,Non-race specific
NCT02447770,Non-race specific
NCT02447783,Non-race specific
NCT02450760,Non-race specific
NCT02450773,Non-race specific
NCT02451059,Non-race specific
NCT02452125,Non-race specific
NCT02452749,Non-race specific
NCT02454660,Non-race specific
NCT02457871,African American
NCT02462967,Non-race specific
NCT02463084,Non-race specific
NCT02466399,Non-race specific
NCT02467894,Non-race specific
NCT02471183,Non-race specific
NCT02471833,African American
NCT02475577,Non-race specific
NCT02489019,Non-race specific
NCT02489045,Non-race specific
NCT02496728,Non-race specific
NCT02507011,Non-race specific
NCT02507687,Non-race specific
NCT02508129,Non-race specific
NCT02508298,Non-race specific
NCT02512042,Non-race specific
NCT02512276,Non-race specific
NCT02513823,African American
NCT02513914,Non-race specific
NCT02515331,Non-race specific
NCT02517671,Non-race specific
NCT02517697,Non-race specific
NCT02524431,Non-race specific
NCT02526680,Non-race specific
NCT02531152,Non-race specific
NCT02537015,Non-race specific
NCT02546726,Non-race specific
NCT02551640,Non-race specific
NCT02553265,Non-race specific
NCT02553720,Non-race specific
NCT02554903,Non-race specific
NCT02556749,Non-race specific
NCT02558231,Non-race specific
NCT02558374,Non-race specific
NCT02558400,Non-race specific
NCT02565173,Non-race specific
NCT02566317,Non-race specific
NCT02572414,African American
NCT02585765,Non-race specific
NCT02587325,Non-race specific
NCT02587936,Non-race specific
NCT02589977,Non-race specific
NCT02591173,Non-race specific
NCT02591394,Non-race specific
NCT02591628,Non-race specific
NCT02593032,Non-race specific
NCT02593305,Non-race specific
NCT02596087,Non-race specific
NCT02599727,Non-race specific
NCT02603068,Non-race specific
NCT02603809,Non-race specific
NCT02609204,Non-race specific
NCT02612389,Non-race specific
NCT02613533,Non-race specific
NCT02620709,Non-race specific
NCT02621008,Non-race specific
NCT02622178,Non-race specific
NCT02622256,Non-race specific
NCT02622282,Hispanic
NCT02622334,Non-race specific
NCT02623036,Non-race specific
NCT02625558,Non-race specific
NCT02626156,Non-race specific
NCT02627352,Non-race specific
NCT02628223,Non-race specific
NCT02630316,Non-race specific
NCT02632838,Non-race specific
NCT02633293,Non-race specific
NCT02636946,Non-race specific
NCT02637063,Non-race specific
NCT02646475,Non-race specific
NCT02646488,Non-race specific
NCT02649426,Non-race specific
NCT02651272,Non-race specific
NCT02651480,Non-race specific
NCT02652429,Non-race specific
NCT02653560,Non-race specific
NCT02656394,Non-race specific
NCT02657356,Non-race specific
NCT02659202,Non-race specific
NCT02663479,Non-race specific
NCT02664558,Non-race specific
NCT02665117,Non-race specific
NCT02672787,Non-race specific
NCT02674464,Non-race specific
NCT02674854,Non-race specific
NCT02679898,Non-race specific
NCT02680704,Non-race specific
NCT02681419,Non-race specific
NCT02682511,Non-race specific
NCT02684786,Non-race specific
NCT02691455,Non-race specific
NCT02694432,Non-race specific
NCT02695264,Non-race specific
NCT02697422,Non-race specific
NCT02697708,Non-race specific
NCT02700984,Non-race specific
NCT02701829,Non-race specific
NCT02702258,Non-race specific
NCT02709941,Non-race specific
NCT02725372,Non-race specific
NCT02726620,Non-race specific
NCT02726711,Non-race specific
NCT02727036,Non-race specific
NCT02727543,Non-race specific
NCT02730871,Non-race specific
NCT02734953,Non-race specific
NCT02736149,Non-race specific
NCT02744456,Non-race specific
NCT02746237,Non-race specific
NCT02754570,Non-race specific
NCT02754596,Non-race specific
NCT02757872,Non-race specific
NCT02759484,Non-race specific
NCT02763735,Non-race specific
NCT02765906,Non-race specific
NCT02767440,Non-race specific
NCT02772887,Non-race specific
NCT02774668,Non-race specific
NCT02776553,Non-race specific
NCT02779231,Non-race specific
NCT02784249,Non-race specific
NCT02785029,Non-race specific
NCT02785042,Non-race specific
NCT02786706,Non-race specific
NCT02789150,Non-race specific
NCT02791958,Non-race specific
NCT02796170,Non-race specific
NCT02796313,Non-race specific
NCT02798354,Non-race specific
NCT02802228,Non-race specific
NCT02804750,Non-race specific
NCT02805257,Non-race specific
NCT02813551,Non-race specific
NCT02814552,Non-race specific
NCT02821611,Non-race specific
NCT02822222,Non-race specific
NCT02827695,Non-race specific
NCT02828436,Non-race specific
NCT02829034,Non-race specific
NCT02829996,Non-race specific
NCT02835287,Non-race specific
NCT02835339,Non-race specific
NCT02835950,Non-race specific
NCT02839382,Non-race specific
NCT02841280,Non-race specific
NCT02846220,Non-race specific
NCT02850224,Non-race specific
NCT02852057,Non-race specific
NCT02855450,Non-race specific
NCT02855541,Non-race specific
NCT02858284,Non-race specific
NCT02862158,Non-race specific
NCT02862938,Non-race specific
NCT02866669,African American
NCT02867631,Non-race specific
NCT02867995,Non-race specific
NCT02868983,Non-race specific
NCT02872896,Non-race specific
NCT02874547,Non-race specific
NCT02874846,Non-race specific
NCT02881515,Non-race specific
NCT02882373,Non-race specific
NCT02885012,Non-race specific
NCT02885636,Non-race specific
NCT02891174,Non-race specific
NCT02891850,Non-race specific
NCT02893553,Non-race specific
NCT02895386,Non-race specific
NCT02898584,Non-race specific
NCT02902172,Non-race specific
NCT02906579,Non-race specific
NCT02910414,Non-race specific
NCT02911701,Non-race specific
NCT02911844,Non-race specific
NCT02913664,Non-race specific
NCT02914509,Non-race specific
NCT02919917,Non-race specific
NCT02920593,Non-race specific
NCT02922023,Non-race specific
NCT02925195,Non-race specific
NCT02925962,Non-race specific
NCT02927366,Non-race specific
NCT02928289,Non-race specific
NCT02929810,Non-race specific
NCT02932410,Non-race specific
NCT02939599,Non-race specific
NCT02947750,Non-race specific
NCT02948569,Non-race specific
NCT02950181,Non-race specific
NCT02951104,Non-race specific
NCT02951130,Non-race specific
NCT02955238,Hispanic
NCT02955537,African American
NCT02958358,Non-race specific
NCT02959593,Non-race specific
NCT02960204,Non-race specific
NCT02963597,Non-race specific
NCT02966665,Non-race specific
NCT02966899,Non-race specific
NCT02975505,Non-race specific
NCT02977884,Non-race specific
NCT02980068,Non-race specific
NCT02981082,Non-race specific
NCT02983877,Non-race specific
NCT02984631,Non-race specific
NCT02984813,Non-race specific
NCT02986087,Non-race specific
NCT02986659,Non-race specific
NCT02988193,Non-race specific
NCT02988245,Non-race specific
NCT02989025,Non-race specific
NCT02989909,Non-race specific
NCT02990143,Non-race specific
NCT02991534,Non-race specific
NCT02993458,Non-race specific
NCT02996565,Non-race specific
NCT02998840,Non-race specific
NCT03001427,Non-race specific
NCT03008616,Non-race specific
NCT03011567,Non-race specific
NCT03013777,Non-race specific
NCT03013907,Non-race specific
NCT03015402,Non-race specific
NCT03016156,Non-race specific
NCT03016351,African American
NCT03018132,Non-race specific
NCT03019133,Non-race specific
NCT03025451,Non-race specific
NCT03028597,African American
NCT03029247,Non-race specific
NCT03037580,Non-race specific
NCT03037879,Non-race specific
NCT03042988,Non-race specific
NCT03043651,Non-race specific
NCT03043963,Non-race specific
NCT03044314,Non-race specific
NCT03052257,Non-race specific
NCT03052491,Non-race specific
NCT03057028,Non-race specific
NCT03068130,Non-race specific
NCT03069716,Non-race specific
NCT03070184,Non-race specific
NCT03070483,African American
NCT03071263,Non-race specific
NCT03073252,Non-race specific
NCT03077139,Non-race specific
NCT03078907,Non-race specific
NCT03079843,Non-race specific
NCT03091920,Non-race specific
NCT03096743,Non-race specific
NCT03099343,Non-race specific
NCT03100812,Asian
NCT03104543,Non-race specific
NCT03105661,Non-race specific
NCT03109795,Non-race specific
NCT03111095,Non-race specific
NCT03115853,Non-race specific
NCT03116815,Non-race specific
NCT03116919,Non-race specific
NCT03118700,Non-race specific
NCT03121092,Non-race specific
NCT03122730,Non-race specific
NCT03129542,Non-race specific
NCT03130257,Non-race specific
NCT03130699,Hispanic
NCT03131167,Non-race specific
NCT03134235,Non-race specific
NCT03135405,Non-race specific
NCT03144817,Non-race specific
NCT03145298,Non-race specific
NCT03152552,Non-race specific
NCT03152773,Non-race specific
NCT03158051,Non-race specific
NCT03159247,Non-race specific
NCT03159481,Non-race specific
NCT03159533,Asian
NCT03161327,Non-race specific
NCT03166306,Non-race specific
NCT03167996,Asian
NCT03168789,Non-race specific
NCT03170375,Non-race specific
NCT03171480,Non-race specific
NCT03177603,Non-race specific
NCT03178396,Non-race specific
NCT03179163,Non-race specific
NCT03179800,Non-race specific
NCT03180593,Non-race specific
NCT03185455,Non-race specific
NCT03187041,Non-race specific
NCT03187678,Non-race specific
NCT03188042,Non-race specific
NCT03194438,Non-race specific
NCT03194828,Non-race specific
NCT03196141,Non-race specific
NCT03196908,Non-race specific
NCT03198793,Non-race specific
NCT03206060,Non-race specific
NCT03206164,Non-race specific
NCT03212976,Non-race specific
NCT03215173,Non-race specific
NCT03215472,Non-race specific
NCT03216902,Non-race specific
NCT03221114,Hispanic
NCT03222414,Non-race specific
NCT03223272,Non-race specific
NCT03223545,Non-race specific
NCT03224624,Non-race specific
NCT03229499,Non-race specific
NCT03232762,Non-race specific
NCT03233308,Non-race specific
NCT03233906,Non-race specific
NCT03234361,Non-race specific
NCT03243942,Non-race specific
NCT03245255,Non-race specific
NCT03245970,Non-race specific
NCT03246425,Non-race specific
NCT03251950,Non-race specific
NCT03255746,Non-race specific
NCT03256890,Non-race specific
NCT03266510,Non-race specific
NCT03267108,Non-race specific
NCT03267849,Non-race specific
NCT03270332,Non-race specific
NCT03270644,Non-race specific
NCT03273257,Non-race specific
NCT03273907,Non-race specific
NCT03286426,Non-race specific
NCT03288025,Non-race specific
NCT03288142,Non-race specific
NCT03291535,Non-race specific
NCT03293992,Non-race specific
NCT03295734,Non-race specific
NCT03298802,Non-race specific
NCT03299816,African American
NCT03301740,Non-race specific
NCT03303391,Non-race specific
NCT03303404,Non-race specific
NCT03307343,Non-race specific
NCT03309592,Non-race specific
NCT03310580,Non-race specific
NCT03312556,Non-race specific
NCT03315507,Non-race specific
NCT03319823,African American
NCT03320577,Non-race specific
NCT03323164,Non-race specific
NCT03323840,Non-race specific
NCT03325426,Non-race specific
NCT03325933,Non-race specific
NCT03327909,Non-race specific
NCT03344198,Non-race specific
NCT03349775,Non-race specific
NCT03349918,Non-race specific
NCT03351504,Non-race specific
NCT03352492,Non-race specific
NCT03352882,Non-race specific
NCT03354143,Non-race specific
NCT03359395,Non-race specific
NCT03365778,Non-race specific
NCT03370991,Non-race specific
NCT03371823,Non-race specific
NCT03375918,Non-race specific
NCT03376555,Non-race specific
NCT03380000,Non-race specific
NCT03387735,Non-race specific
NCT03390426,Non-race specific
NCT03397524,Non-race specific
NCT03399604,Non-race specific
NCT03401489,Non-race specific
NCT03404180,Non-race specific
NCT03404999,Non-race specific
NCT03406975,Non-race specific
NCT03416283,Non-race specific
NCT03419364,Non-race specific
NCT03422718,Non-race specific
NCT03424993,Non-race specific
NCT03426774,Non-race specific
NCT03427164,Non-race specific
NCT03437694,African American
NCT03443635,Non-race specific
NCT03449524,Non-race specific
NCT03450629,Non-race specific
NCT03451149,Non-race specific
NCT03451630,Non-race specific
NCT03452033,Non-race specific
NCT03454308,African American
NCT03459027,Non-race specific
NCT03459807,Non-race specific
NCT03460249,Non-race specific
NCT03460470,Non-race specific
NCT03461003,Non-race specific
NCT03464864,Non-race specific
NCT03465917,Non-race specific
NCT03467997,Non-race specific
NCT03469297,Non-race specific
NCT03470207,Non-race specific
NCT03470701,Non-race specific
NCT03471117,Non-race specific
NCT03479697,Non-race specific
NCT03480217,Non-race specific
NCT03482167,Non-race specific
NCT03482440,Non-race specific
NCT03484364,Asian
NCT03486145,Non-race specific
NCT03487185,Non-race specific
NCT03488550,Non-race specific
NCT03490916,Non-race specific
NCT03492177,Non-race specific
NCT03496207,Non-race specific
NCT03496623,Non-race specific
NCT03496792,Non-race specific
NCT03497689,Non-race specific
NCT03501966,Non-race specific
NCT03505723,Non-race specific
NCT03506724,Non-race specific
NCT03508739,Non-race specific
NCT03513770,Non-race specific
NCT03514641,Non-race specific
NCT03514823,Non-race specific
NCT03515005,Non-race specific
NCT03515681,Non-race specific
NCT03517709,Non-race specific
NCT03519386,Non-race specific
NCT03522935,Non-race specific
NCT03527290,Non-race specific
NCT03528902,Non-race specific
NCT03529903,Non-race specific
NCT03532750,Non-race specific
NCT03538990,Non-race specific
NCT03540147,Non-race specific
NCT03541174,Non-race specific
NCT03541603,Non-race specific
NCT03542240,Non-race specific
NCT03542812,Non-race specific
NCT03544307,Non-race specific
NCT03550105,Non-race specific
NCT03551925,Non-race specific
NCT03554291,Non-race specific
NCT03556020,Non-race specific
NCT03556085,Non-race specific
NCT03556761,Non-race specific
NCT03557502,Non-race specific
NCT03558022,Non-race specific
NCT03558893,Non-race specific
NCT03560596,Hispanic
NCT03560869,Non-race specific
NCT03563872,African American
NCT03564262,Non-race specific
NCT03565653,Non-race specific
NCT03569020,Non-race specific
NCT03570632,Non-race specific
NCT03574363,Non-race specific
NCT03576885,Non-race specific
NCT03577990,African American
NCT03581877,Non-race specific
NCT03583866,Non-race specific
NCT03587883,Non-race specific
NCT03588559,Non-race specific
NCT03590249,Non-race specific
NCT03590665,Non-race specific
NCT03590821,Non-race specific
NCT03592355,Non-race specific
NCT03595982,Non-race specific
NCT03596099,Non-race specific
NCT03596242,Non-race specific
NCT03602170,Non-race specific
NCT03602781,Non-race specific
NCT03604198,Non-race specific
NCT03604289,Non-race specific
NCT03610165,Non-race specific
NCT03611270,Non-race specific
NCT03612271,Non-race specific
NCT03612479,Non-race specific
NCT03613714,Non-race specific
NCT03614260,Non-race specific
NCT03617302,Non-race specific
NCT03617458,Non-race specific
NCT03624010,Non-race specific
NCT03624491,Non-race specific
NCT03624517,Non-race specific
NCT03626363,Non-race specific
NCT03626688,Non-race specific
NCT03629340,Non-race specific
NCT03629535,Non-race specific
NCT03629912,Non-race specific
NCT03630211,Non-race specific
NCT03634813,Non-race specific
NCT03635125,Non-race specific
NCT03636490,Non-race specific
NCT03638908,Non-race specific
NCT03639870,Non-race specific
NCT03640221,Non-race specific
NCT03640312,Non-race specific
NCT03643705,Non-race specific
NCT03644524,Non-race specific
NCT03644576,Non-race specific
NCT03648385,Non-race specific
NCT03649932,Non-race specific
NCT03650166,Non-race specific
NCT03654885,Non-race specific
NCT03657095,Non-race specific
NCT03657147,Non-race specific
NCT03657550,Non-race specific
NCT03657797,Non-race specific
NCT03659656,Non-race specific
NCT03660618,Non-race specific
NCT03660631,Non-race specific
NCT03667326,Non-race specific
NCT03675412,Non-race specific
NCT03677609,Non-race specific
NCT03678116,Non-race specific
NCT03679117,Non-race specific
NCT03683069,Non-race specific
NCT03683186,Non-race specific
NCT03686657,Non-race specific
NCT03688503,Non-race specific
NCT03689244,Non-race specific
NCT03691194,Non-race specific
NCT03691649,Non-race specific
NCT03691662,Non-race specific
NCT03691701,Non-race specific
NCT03695146,Non-race specific
NCT03696433,Non-race specific
NCT03697109,Non-race specific
NCT03697811,Non-race specific
NCT03698903,Non-race specific
NCT03700710,Non-race specific
NCT03700775,Non-race specific
NCT03707054,Non-race specific
NCT03713515,Hispanic
NCT03714776,Non-race specific
NCT03715231,Non-race specific
NCT03716960,Non-race specific
NCT03722667,African American
NCT03724487,African American
NCT03726398,Non-race specific
NCT03726710,African American
NCT03727451,Non-race specific
NCT03727906,Non-race specific
NCT03728790,Non-race specific
NCT03729479,Non-race specific
NCT03729544,Non-race specific
NCT03733145,Non-race specific
NCT03735433,Non-race specific
NCT03736434,African American
NCT03738150,Non-race specific
NCT03738878,Non-race specific
NCT03739034,Non-race specific
NCT03740074,Non-race specific
NCT03741608,African American
NCT03742219,Non-race specific
NCT03748420,Non-race specific
NCT03749499,Non-race specific
NCT03749746,Non-race specific
NCT03750552,Non-race specific
NCT03750695,Non-race specific
NCT03753204,Non-race specific
NCT03761992,Non-race specific
NCT03774277,Non-race specific
NCT03781739,Non-race specific
NCT03783117,Non-race specific
NCT03783650,Non-race specific
NCT03787082,Non-race specific
NCT03788707,Non-race specific
